职位,公司,城市,工资,发布日期,经验要求,学历
Python,长春理想科技信息有限公司,北京-朝阳区,0.8-1.3万/月,07-19,2年经验,本科
Python开发工程师,深圳市睿服科技有限公司,深圳-福田区,1-1.5万/月,07-19,3-4年经验,本科
Python初级开发工程师,华世界科技（深圳）有限公司,深圳-龙岗区,6-9千/月,07-19,1年经验,本科
Python工程师（全栈方向）,江苏伽合网络技术有限公司,南京-建邺区,1.5-2万/月,07-19,无工作经验,本科
python爬虫工程师,徐州游方网络科技有限公司,徐州,0.6-1万/月,07-19,1年经验,本科
Python开发工程师,上海井胜通讯技术有限公司,杭州,0.8-1万/月,07-19,3-4年经验,大专
Python开发工程师,深圳生理科技有限公司,深圳-南山区,1-1.5万/月,07-19,2年经验,本科
Python开发工程师,重庆锦禹云能源科技有限公司,重庆-南岸区,0.7-1.2万/月,07-19,2年经验,本科
python开发工程师(武汉）,深圳市工源人才派遣有限公司,武汉-东湖新技...,0.8-1万/月,07-19,3-4年经验,大专
Python工程师,奇虎360科技有限公司,北京,2.5-3万/月,07-19,3-4年经验,本科
python全栈开发工程师,广州嘉为科技有限公司,深圳,0.9-1.5万/月,07-19,无工作经验,本科
Python开发工程师,广州国交润万交通信息有限公司,广州,0.8-1.5万/月,07-19,2年经验,本科
Python 开发员,上海南客电子商务有限公司,上海-静安区,1-1.5万/月,07-19,5-7年经验,本科
Python开发（爬虫）/Python爬虫,上海同梁智能科技有限公司,上海-杨浦区,0.6-1.1万/月,07-19,无工作经验,大专
python开发（base深圳）,广州微分子信息科技有限公司,广州-天河区,1-1.5万/月,07-19,1年经验,大专
Python高级开发工程师,互道信息技术（上海）有限公司,上海-浦东新区,1.8-3万/月,07-19,3-4年经验,本科
Python课程研发001,上海优必杰教育科技有限公司,上海-杨浦区,0.8-1.5万/月,07-19,3-4年经验,本科
Python后端开发工程师,益农控股（广东）有限公司,广州-海珠区,0.8-1.2万/月,07-19,3-4年经验,本科
Python在线讲师,北京轻备教育科技有限公司,成都-武侯区,0.8-1万/月,07-19,无工作经验,大专
Python开发工程师,深圳秀火网络科技有限公司,深圳-宝安区,1.2-1.5万/月,07-19,3-4年经验,大专
Python高级开发工程师,北京文泽智远信息技术有限公司,北京-海淀区,1.5-2万/月,07-19,3-4年经验,本科
Python开发工程师,我查查信息技术（上海）有限公司,上海,1.5-2万/月,07-19,3-4年经验,本科
Python爬虫工程师,深圳市小税官科技有限公司,深圳,1-1.3万/月,07-19,3-4年经验,大专
生物信息工程师（python）,上海伯豪生物技术有限公司,上海-浦东新区,0.8-1.5万/月,07-19,1年经验,硕士
自动化测试工程师python、c,上海迅元信息科技有限公司,上海-嘉定区,1-1.5万/月,07-19,3-4年经验,本科
Python开发工程师,上海举佳爽网络科技有限公司,重庆-南岸区,0.6-1万/月,07-18,1年经验,大专
python开发工程师,沈阳多码斯信息技术有限公司,沈阳-浑南区,4.5-6千/月,07-18,无工作经验,大专
Python编程老师(J10528),深圳贝尔创意科教有限公司,深圳-南山区,0.8-1.2万/月,07-18,1年经验,本科
Python开发工程师,杭州三汇数字信息技术有限公司,金华,0.8-1.5万/月,07-18,2年经验,本科
Python开发工程师,南京两岸生花文化传播有限公司,南京-鼓楼区,0.8-1.5万/月,07-18,1年经验,大专
Python开发工程师,上海喜宝供应链管理有限公司,上海,1-1.5万/月,07-18,无工作经验,本科
python爬虫工程师,杭州百众企业管理咨询有限公司,杭州,1.8-2.5万/月,07-18,3-4年经验,本科
-Python人工智能开发工程师助理,郑州海之角软件科技有限公司,郑州,3.8-7.5千/月,07-18,无工作经验,中专
Python工程师,上海绿谷制药有限公司,上海-浦东新区,1-1.5万/月,07-18,1年经验,本科
python讲师+六险一金,西安中软卓越信息技术有限公司,西安-碑林区,0.8-1.5万/月,07-18,3-4年经验,本科
Python高级开发工程师,拉卡拉支付集团,上海-浦东新区,2-3万/月,07-18,3-4年经验,本科
Python爬虫工程师,武汉飞猫环球商贸有限公司,武汉-洪山区,0.8-1万/月,07-18,2年经验,本科
Python开发工程师,上海天正信息科技有限公司,上海,1-1.5万/月,07-18,2年经验,本科
高级Linux工程师（c/c++ 、php、python）,北京安德信业信息咨询有限责任公司,北京,30-55万/年,07-18,5-7年经验,本科
Python开发工程师,广州迪奥信息科技有限公司,广州-天河区,0.6-1.1万/月,07-18,2年经验,本科
Python开发讲师,成都法码斯科技有限公司,成都-高新区,0.8-1.6万/月,07-18,3-4年经验,大专
Python开发工程师,上海云逐信息技术有限公司,上海-静安区,1-1.5万/月,07-18,3-4年经验,大专
Python开发工程师,星云海数字科技股份有限公司,武汉,0.8-1.2万/月,07-18,3-4年经验,本科
Python开发工程师,上海量加网络科技有限公司,上海-长宁区,0.9-1.5万/月,07-18,2年经验,大专
Python教学研发经理,北京八维研修学院,北京-海淀区,2-2.5万/月,07-18,3-4年经验,大专
Python ERP软件开发工程师,广州市增城太禾制衣厂,广州-增城,0.5-1万/月,07-18,2年经验,大专
Python开发工程师,神采（上海）网络科技有限公司,上海-普陀区,1-1.5万/月,07-18,1年经验,本科
Python,MAX Communication,上海-徐汇区,1-1.5万/月,07-18,无工作经验,本科
自动化测试（Python/shell）,瞬联软件科技（北京）有限公司 CI...,上海,1.1-1.5万/月,07-18,2年经验,本科
高级Python开发工程师 - -抖音上海,字节跳动,上海,2.5-5万/月,07-18,3-4年经验,本科
Python实施工程师,上海熠格信息技术有限公司,上海-闵行区,0.8-1万/月,07-19,2年经验,本科
初级Python工程师助理(提供住宿),小马奔腾（大连）实业有限公司,大连-高新园区,3-4.5千/月,07-19,无工作经验,大专
Python开发工程师,南京如舒科技有限公司,南京,0.6-1万/月,07-19,无工作经验,本科
Python开发工程师（南京）,上海瓦杜信息技术有限公司,南京-六合区,1.2-2.5万/月,07-19,3-4年经验,本科
Python机器学习工程师,广州佰锐网络科技有限公司,广州,1.2-2万/月,07-19,2年经验,本科
Python软件工程师,深圳市高巨创新科技开发有限公司,深圳-龙华新区,1-1.5万/月,07-19,无工作经验,大专
Python 开发工程师,珠海轼域网络科技有限公司,珠海-香洲区,0.8-2万/月,07-19,2年经验,大专
Python研发工程师（成都）-NF(J11506),绿盟科技,成都-高新区,1-1.5万/月,07-19,2年经验,本科
Python开发工程师（必须会golang）,深圳锐链科技有限公司,深圳-南山区,1.5-2万/月,07-19,3-4年经验,本科
python软件开发工程师,武汉芯云道数据科技有限公司,武汉-东湖新技...,10-15万/年,07-19,1年经验,本科
Python的工程师,云南荣冠教育科技有限公司,昆明-盘龙区,1-1.5万/月,07-19,无工作经验,本科
Python开发工程师/前端/爬虫,深圳市宇达计算机有限公司,深圳-南山区,4.5-6千/月,07-19,无工作经验,大专
Python开发工程师,浙江胄天科技股份有限公司,杭州,1.5-2.5万/月,07-19,3-4年经验,本科
Python数据处理开发工程师,广州竞远安全技术股份有限公司,广州,0.8-1.5万/月,07-19,2年经验,本科
python培训讲师,深圳市智羽信息科技有限公司,深圳-南山区,0.6-1万/月,07-19,1年经验,本科
Python开发工程师,上海力信测量系统有限公司,上海-浦东新区,6-8千/月,07-19,1年经验,本科
python开发工程师（前景好，双休）,深圳木星风暴科技有限公司,深圳-宝安区,4.5-8千/月,07-19,无工作经验,大专
python开发工程师（深圳）,深圳泽派信息技术有限公司,深圳-南山区,4.5-8千/月,07-19,无工作经验,大专
Python开发工程师,深圳市东方华信科技有限公司,北京,0.8-1.5万/月,07-19,2年经验,本科
Python Tech Manager for Data Project,Michael Page,广州,30-50万/年,07-19,5-7年经验,本科
python后台开发,深圳兴融联科技股份有限公司,深圳-南山区,1.3-1.8万/月,07-19,3-4年经验,大专
Python少儿编程老师,深圳点猫科技有限公司,武汉-洪山区,0.8-1.5万/月,07-19,无工作经验,本科
高级Python老师（佛山禅城）,深圳阿童木教育科技有限公司,佛山-禅城区,6-8千/月,07-19,1年经验,大专
高级Python工程师(000642),紫光股份有限公司,上海,1.5-3万/月,07-19,5-7年经验,本科
Python开发工程师,深圳市华云中盛科技有限公司,杭州-西湖区,1.2-1.8万/月,07-19,3-4年经验,本科
Python开发经理（金融科技）,交银企业管理服务（上海）有限公司...,上海-徐汇区,1.5-2万/月,07-19,5-7年经验,本科
Python开发工程师,图玛深维医疗科技（北京）有限公司,苏州-工业园区,1-2万/月,07-19,1年经验,本科
python开发工程师(爬虫方向）,上海晟合坤信息技术有限公司,上海-闵行区,1-2万/月,07-19,2年经验,大专
Python后端开发工程师,源杉数据科技（上海）有限公司,上海-杨浦区,1.5-2.5万/月,07-19,5-7年经验,本科
资深Python软件工程师,威廉欧奈尔信息科技（上海）有限公司,上海-浦东新区,2-3.5万/月,07-19,3-4年经验,本科
高级Python/C++研发工程师,青岛艾德软件有限公司,青岛-黄岛区,1.2-1.5万/月,07-19,3-4年经验,本科
Python讲师,武汉弘博职业培训学校,武汉-洪山区,6-8千/月,07-19,2年经验,本科
python-web 全栈工程师,杭州创慧信息技术有限公司,杭州-滨江区,0.8-1.2万/月,07-19,无工作经验,本科
Python Web开发工程师,嘉兴构美信息技术有限公司,杭州-江干区,1.2-2万/月,07-19,3-4年经验,本科
Python-RPA开发岗位实习生,米思米（中国）精密机械贸易有限公司,上海-静安区,184元/天,07-19,无工作经验,本科
Python开发工程师,深圳宝瓶互联网有限公司,深圳-南山区,1-1.5万/月,07-19,1年经验,大专
Python高级开发工程师,北京棣南新宇科技有限公司,北京-海淀区,1.5-2万/月,07-19,3-4年经验,本科
Python 爬虫工程师,慧科讯业（北京）网络科技有限公司,深圳-南山区,0.7-1.4万/月,07-19,无工作经验,本科
量化策略研究员（擅长Python）,米道（上海）投资有限公司,上海-徐汇区,0.8-1万/月,07-19,2年经验,本科
PYTHON#PHP# ERP软件工程师,天意有福科技股份有限公司,广州-天河区,0.9-1.5万/月,07-19,2年经验,大专
高级后端研发工程师(node/python),深圳市中联创新自控系统有限公司,深圳-福田区,1.8-3万/月,07-19,3-4年经验,本科
Python开发工程师,上海易宝软件有限公司,东莞-松山湖区,0.8-1.5万/月,07-19,1年经验,本科
Python后台开发工程师,广州游爱网络技术有限公司,广州,0.7-1.2万/月,07-19,2年经验,大专
Python高级开发工程师,武汉慧通远达信息技术有限公司,武汉-江汉区,0.6-1.8万/月,07-19,2年经验,本科
高级Python开发工程师,大连联合企邦科技有限公司,大连,30-60万/年,07-19,3-4年经验,本科
python开发工程师(J11765),作业帮教育科技（北京）有限公司,北京-海淀区,2-4万/月,07-19,2年经验,本科
Python开发工程师,中电科嘉兴新型智慧城市科技发展有...,嘉兴,0.7-1.5万/月,07-19,3-4年经验,本科
Python开发工程师,广东盛迪嘉集团有限公司,深圳-南山区,2-2.5万/月,07-19,3-4年经验,本科
python开发工程师讲师,襄阳三阳教育科技有限公司,襄阳,1-1.5万/月,07-19,2年经验,大专
"C++,python开发工程师",杭州金时资产管理有限公司,杭州-西湖区,15-50万/年,07-19,无工作经验,本科
Python工程师,上海维恩孛特信息技术有限公司,北京-西城区,0.8-1.6万/月,07-19,2年经验,本科
初级产品开发工程师（java/python）,金财互联数据服务有限公司,广州,0.6-1万/月,07-19,1年经验,本科
金融数据分析和机器学习(python),上海携宁计算机科技股份有限公司,上海-徐汇区,0.8-1.2万/月,07-19,无工作经验,硕士
Python开发工程师,魔视智能科技（上海）有限公司,上海-浦东新区,1-2.5万/月,07-19,3-4年经验,本科
Python工程师,东莞市诚誉商务信息咨询有限公司,东莞-南城区,0.5-1万/月,07-19,2年经验,大专
云平台 python 高级开发工程师,广东紫晶信息存储技术股份有限公司,广州-番禺区,1.5-2万/月,07-19,3-4年经验,本科
Python开发工程师,安徽智帅实业有限公司,合肥-包河区,4.5-6千/月,07-19,1年经验,大专
Python后端程序员（实习生）,南昌因由科技有限公司,南昌-青山湖区,4.5-6千/月,07-19,无工作经验,高中
python开发(J10431),视联动力信息技术股份有限公司,杭州-江干区,1-1.5万/月,07-19,无工作经验,大专
Python工程师,上海乐言信息科技有限公司,上海-长宁区,2-4万/月,07-19,3-4年经验,本科
Python-数据分析师,深圳市智灵时代科技有限公司,深圳,0.8-1万/月,07-19,无工作经验,本科
Python后端工程师（Web方向）,优刻得科技股份有限公司,上海,2-4万/月,07-19,无工作经验,本科
Python开发工程师,上海量锐信息科技有限公司,上海-黄浦区,1.2-1.8万/月,07-19,2年经验,本科
python开发,深圳樱吉尔企业咨询管理有限公司,深圳-福田区,1.1-1.8万/月,07-19,3-4年经验,本科
校招-Python开发工程师,乐鑫信息科技（上海）股份有限公司,上海-浦东新区,1.3-2万/月,07-19,无工作经验,本科
Python后台Web开发工程师,深圳市风云实业有限公司,成都-青羊区,0.8-1.1万/月,07-19,无工作经验,本科
Python算法工程师,深圳前海川谷信息技术有限公司,北京-朝阳区,1.5-2万/月,07-19,2年经验,本科
Python开发工程师,南京亚信云天信息科技有限公司,南京,0.8-2万/月,07-19,无工作经验,大专
Python算法工程师,南京烽火星空通信发展有限公司,南京-建邺区,1.2-2万/月,07-19,3-4年经验,本科
资深Python研发工程师,上海史肯图信息技术有限公司,上海-宝山区,1-1.5万/月,07-19,5-7年经验,本科
python爬虫工程师,上海商有网络科技有限公司,上海-嘉定区,1.5-2.2万/月,07-19,3-4年经验,本科
Python开发工程师,武汉楚小橙品牌推广有限公司,武汉,4.5-8千/月,07-19,无工作经验,本科
Python开发工程师,亚创（上海）工程技术有限公司,上海,1-2万/月,07-19,无工作经验,本科
Python开发工程师Web方向,深圳市意科特实业有限公司,成都-高新区,0.6-1.2万/月,07-19,2年经验,大专
Python开发工程师,马衡达信息技术（上海）有限公司,北京-顺义区,1.1-1.4万/月,07-19,3-4年经验,本科
Python 高级开发工程师（深圳宝安）,广州金达通信息科技有限公司,深圳,1-2万/月,07-19,3-4年经验,大专
中级开发工程师(Python),广州润城实业集团有限公司,广州-海珠区,1-1.5万/月,07-19,3-4年经验,本科
算法工程师（Java/Scala/Python/R方向）,北京中能博泰科技有限公司,北京-海淀区,1.5-3万/月,07-19,3-4年经验,硕士
Python高级开发工程师,上海彩虹鱼海洋科技股份有限公司,上海-徐汇区,0.6-3万/月,07-19,2年经验,本科
python开发工程师,武汉尚软科技有限公司,武汉-洪山区,1-2万/月,07-19,3-4年经验,本科
Python/爬虫,信必优(深圳)信息技术有限公司,广州-越秀区,1-1.5万/月,07-19,无工作经验,大专
Python课程设计师/高薪/年轻化团队,深圳市编玩边学教育科技有限公司,武汉,0.5-1万/月,07-19,无工作经验,本科
python,北京远大创新科技有限公司,北京,1.2-1.7万/月,07-19,1年经验,本科
Python开发工程师,厦门谷道集团有限公司,厦门,0.6-1.2万/月,07-19,1年经验,大专
Python开发工程师,中国科学院自动化研究所,北京,0.8-1.5万/月,07-19,1年经验,本科
Python高级开发工程师,杭州v全科技发展有限公司,杭州-余杭区,1.5-2.5万/月,07-19,3-4年经验,本科
Python工程师,广州市欢雀科技有限公司,广州-天河区,1.2-1.6万/月,07-19,无工作经验,本科
Python高级开发工程师,北京云族佳科技有限公司,武汉,1.5-2.5万/月,07-19,5-7年经验,本科
少儿编程python老师（招实习生）,武汉世晟百杰网络科技有限公司,武汉-洪山区,0.8-1万/月,07-19,无工作经验,本科
Python后台开发工程师,深圳市酷客智能科技有限公司,深圳-宝安区,1.5-2.5万/月,07-19,3-4年经验,本科
Python安全开发工程师,北京亚鸿世纪科技发展有限公司,北京-海淀区,1-1.5万/月,07-19,3-4年经验,本科
python开发（偏：数据分析）,上海海万信息科技股份有限公司,深圳,1-1.5万/月,07-19,3-4年经验,本科
python中级工程师,成都智菲科技有限公司,成都,1-1.5万/月,07-19,2年经验,大专
网络安全工程师(python开发）,广州市昊恒信息科技有限公司,异地招聘,1.5-2万/月,07-19,2年经验,高中
python开发,申朴信息技术（上海）股份有限公司,深圳-福田区,1.5-2.2万/月,07-19,3-4年经验,本科
Python开发工程师,南京弦歌信息技术有限公司,重庆-渝中区,0.8-1.5万/月,07-19,2年经验,本科
Python开发高级/资深工程师/专家,广州小鹏汽车科技有限公司,广州-天河区,2-4万/月,07-19,3-4年经验,本科
Python开发工程师,广州诚予国际市场信息研究有限公司,广州,0.5-1万/月,07-19,无工作经验,本科
python网站开发工程师,重庆格泰尚恒网络科技有限公司,重庆-渝北区,0.8-1万/月,07-19,2年经验,大专
python 开发工程师,广州时时美电子商务有限公司,广州-荔湾区,0.6-1.2万/月,07-19,1年经验,大专
Python后端工程师,南京四象新能源科技有限公司,南京-江宁区,1-1.5万/月,07-19,无工作经验,本科
python自然语言处理工程师,车音智能科技有限公司,上海,1-2万/月,07-19,2年经验,本科
#服务器工程师#（Python）,点米立德（深圳）科技有限公司,深圳-南山区,1.5-2.3万/月,07-19,2年经验,本科
Python运维开发,柳州智银通信息技术有限公司,柳州,6-8千/月,07-19,1年经验,大专
软件开发中级工程师（Python）,福建新大陆软件工程有限公司,福州,0.6-1.2万/月,07-19,2年经验,本科
Python开发工程师,特维轮智车慧达科技（杭州）有限公司,杭州-拱墅区,1.5-2.5万/月,07-19,3-4年经验,本科
高级python后台开发工程师（运维方向）,云鲸智能科技（东莞）有限公司,东莞-松山湖区,1.5-3万/月,07-19,2年经验,本科
Python开发工程师,上海恺域信息科技有限公司,上海-浦东新区,1-1.5万/月,07-19,2年经验,大专
开发工程师（python方向）,湖南高阳通联信息技术有限公司,长沙-天心区,6-8千/月,07-19,无工作经验,本科
Python技术经理,六度云计算有限公司,异地招聘,1.5-3.5万/月,07-19,无工作经验,大专
Python技术经理,六度云计算有限公司北京分公司,异地招聘,1.5-3.5万/月,07-19,无工作经验,本科
Python高级开发工程师,青岛思途共享科技信息服务有限公司,青岛-城阳区,1-1.5万/月,07-19,无工作经验,本科
python,重庆软维科技有限公司,北京,0.8-1万/月,07-19,3-4年经验,本科
Python开发工程师,中联资产评估集团重庆汇智丰有限公司,重庆-渝中区,0.7-1.2万/月,07-19,无工作经验,本科
Python开发工程师,梓柏广告传媒（徐州）有限公司,徐州,3-6千/月,07-19,1年经验,本科
Python开发工程师(中科实数）,广州中国科学院软件应用技术研究所,北京-朝阳区,0.8-1.6万/月,07-19,3-4年经验,本科
Python开发工程师,深圳市飞比电子科技有限公司,上海-浦东新区,0.8-1.6万/月,07-19,3-4年经验,本科
Python高级开发工程师,安徽首猎者信息咨询服务有限公司,合肥-高新区,2-2.5万/月,07-19,5-7年经验,大专
Python开发工程师,重庆百城兴网络科技有限公司,重庆-渝中区,0.7-1.2万/月,07-19,无工作经验,本科
Python开发工程师,西安德云电子科技有限公司,西安-莲湖区,4-7.5千/月,07-19,无工作经验,大专
Python开发工程师,湖南波尔坤雷信息科技有限公司,长沙,4.5-9千/月,07-19,无工作经验,本科
Python开发工程师,宏兆集团,深圳-南山区,0.8-1.5万/月,07-19,2年经验,本科
Python软件开发工程师,上海品瑞医疗器械设备有限公司,上海-浦东新区,1.2-2万/月,07-19,无工作经验,大专
Python高级开发工程师--------外派绿盟网络安全业务,西安鼎拓信息科技有限公司,西安-雁塔区,0.9-1.5万/月,07-19,5-7年经验,本科
机器学习工程师（Python）,南京紫津融畅信息科技服务有限公司,南京,1-2万/月,07-19,1年经验,本科
python开发工程师,杭州迪普科技股份有限公司,北京-海淀区,10-20万/年,07-19,无工作经验,本科
python 开发工程师,杭州迪普科技股份有限公司,杭州-滨江区,0.7-1.5万/月,07-19,1年经验,本科
Python高级开发工程师,杭州盈丰软件股份有限公司,杭州,1-2万/月,07-19,5-7年经验,本科
JAVA/ Python讲师(上市外企+双休+五险一金）,童程童美济南分公司,济南-高新区,6-8千/月,07-19,无工作经验,本科
高级数据开发工程师Java/Python,同方股份有限公司,北京-海淀区,1.8-2.2万/月,07-19,2年经验,本科
python软件工程师,广州标际包装设备有限公司,广州,0.8-1.5万/月,07-19,无工作经验,本科
Python开发工程师,杭州中亚瑞程包装科技有限公司,杭州,1-1.5万/月,07-19,3-4年经验,大专
Python开发工程师,杭州瑞东机械有限公司,杭州,1-1.5万/月,07-19,3-4年经验,大专
python教师+双休+五险,芜湖斯戴姆教育科技有限公司,芜湖,4.5-6千/月,07-19,无工作经验,大专
Python开发工程师,上海诚勤刀具有限公司,上海-嘉定区,1-1.5万/月,07-19,2年经验,本科
平台软件工程师（C/C++/C#/python） 工业视觉,南京汇川工业视觉技术开发有限公司,南京,1-2万/月,07-19,无工作经验,硕士
Python开发工程师（南京）-开放平台部,中移物联网有限公司,南京,1-1.5万/月,07-19,1年经验,本科
1111PB-Python开发,平安科技（深圳）有限公司,上海-浦东新区,15-20万/年,07-19,3-4年经验,本科
Senior Retail System Engineer(Python),绫致时装（天津）有限公司,北京-朝阳区,1.5-2万/月,07-19,5-7年经验,本科
python研发,亚信软件研发中心PRD,南京,1-2万/月,07-19,2年经验,本科
Python开发工程师,上海澳马信息技术服务有限公司,上海,1-1.5万/月,07-19,2年经验,本科
Python开发工程师,因诺（上海）资产管理有限公司,北京-西城区,1-2万/月,07-19,2年经验,硕士
Python开发工程师,加绩（上海）科技服务有限公司,上海-黄浦区,1-1.5万/月,07-19,3-4年经验,本科
Devops开发工程师（Linux/Python/Docker）,上海安畅网络科技股份有限公司,上海,1-2万/月,07-19,3-4年经验,本科
Python开发工程师,上海易宝软件有限公司,西安-高新技术...,0.8-1万/月,07-19,无工作经验,大专
Python爬虫工程师,深圳理想动力信息技术有限公司,深圳-龙岗区,1.5-2.5万/月,07-19,3-4年经验,大专
PRA开发工程师（python）,北京金道天成信息系统服务有限公司,上海-静安区,1-1.5万/月,07-19,无工作经验,本科
Python开发工程师,北京航标时代检测认证有限公司,北京-丰台区,1-1.5万/月,07-19,无工作经验,本科
Python后端量化系统开发工程师,深圳派领科技有限公司,深圳-南山区,3-5万/月,07-19,3-4年经验,本科
中级python软件工程师,苏州智泰腾迪信息科技有限公司,苏州,1-1.5万/月,07-19,无工作经验,本科
Python开发工程师,无锡乐骐科技有限公司,无锡-滨湖区,0.8-1.2万/月,07-19,无工作经验,本科
Java/Python软件工程师.,南京拾柴信息科技有限公司,北京,0.8-2万/月,07-19,1年经验,大专
Python开发工程师,融奕数智科技（深圳）有限公司,南京-建邺区,1-1.5万/月,07-19,2年经验,本科
Python高级开发工程师,长沙梯度信息科技有限公司,长沙-岳麓区,1.3-2万/月,07-19,3-4年经验,大专
python开发（实习）,杭州安恒信息技术股份有限公司,杭州-滨江区,3-5千/月,07-19,无工作经验,本科
python 后端开发,瑞博恩互联网金融信息服务（上海）...,上海-长宁区,6.5-9.5千/月,07-19,1年经验,本科
Python开发工程师,广州宝巨信息技术有限公司,广州,0.8-1.5万/月,07-19,2年经验,大专
Python开发工程师,上海天玑科技股份有限公司,上海,1.5-2万/月,07-19,2年经验,大专
Python开发工程师,上海天玑数据技术有限公司,上海,1.2-2.5万/月,07-19,无工作经验,大专
Python开发工程师,上海颐为网络科技有限公司,南京,2.5-3万/月,07-19,5-7年经验,本科
WEB后台开发工程师（node.js、PHP、python或golang）,南京百尔马智能技术有限公司,南京-栖霞区,1.2-2万/月,07-19,2年经验,本科
Python开发工程师（恩九）,江苏科瑞恩自动化科技有限公司,异地招聘,1.2-2万/月,07-19,3-4年经验,大专
Python 实习生,大宇宙信息创造（中国）有限公司,苏州-工业园区,3-5千/月,07-19,无工作经验,大专
python开发工程师/大数据建模,诺贝尔曼（上海）商业投资管理有限...,上海-黄浦区,6-8千/月,07-19,无工作经验,硕士
Python开发工程师,武汉中纪生物科技有限公司,武汉-东湖新技...,0.8-1.2万/月,07-19,无工作经验,本科
初级Python工程师助理(提供住宿),大连凤凰树网络科技有限公司,大连-高新园区,3-4.5千/月,07-19,无工作经验,大专
C/C++/C#/Python软件开发工程师,上海萃兴信息科技有限公司,上海-浦东新区,6.5-12万/年,07-19,1年经验,本科
中级python开发工程师,成都博雅成信科技有限公司,成都-高新区,0.8-1.5万/月,07-19,2年经验,本科
高级软件工程师（Python）,某本地知名IT企业,苏州,1-2万/月,07-19,无工作经验,本科
系统运维工程师（python）11,上海复深蓝软件股份有限公司,上海-徐汇区,0.8-1万/月,07-19,2年经验,大专
Python工程师,南京万瑞建设工程有限公司,异地招聘,12-20万/年,07-19,无工作经验,本科
Python开发工程师,贤佳国际贸易（上海）有限公司,上海-静安区,1.5-2.5万/月,07-19,5-7年经验,本科
Python工程师,上海浦东软件园汇智软件发展有限公司,上海,1.5-2万/月,07-19,5-7年经验,本科
Python 讲师,上海腾科网络技术有限公司,上海,1-1.5万/月,07-19,2年经验,本科
Python开发工程师,通效信息科技（上海）有限公司,上海-浦东新区,1-1.5万/月,07-19,2年经验,大专
Python开发工程师,广州外宝电子商务有限公司,广州-荔湾区,0.8-1万/月,07-19,2年经验,大专
Python开发工程师,苏州城之瞳安防智能科技有限公司,苏州-相城区,0.9-1.5万/月,07-19,3-4年经验,本科
区块链量化Python工程师,润焱人力资源（上海）有限公司,上海-浦东新区,1-1.5万/月,07-19,3-4年经验,本科
Python高级开发工程师,上海奕见企业管理咨询有限公司,上海-黄浦区,1.5-2万/月,07-19,3-4年经验,本科
Python开发工程师,深圳锐博明贸易有限公司,深圳-龙华新区,1.2-1.8万/月,07-19,3-4年经验,大专
Python软件工程师,浙江闪龙科技有限公司,嘉兴,5-8千/月,07-19,1年经验,本科
编程讲师（python/C++/scratch）,重庆寅冠州教育科技有限公司,重庆-江北区,0.6-1.2万/月,07-19,无工作经验,本科
Python开发工程师,竹间智能科技（上海）有限公司,上海,2-4万/月,07-19,3-4年经验,本科
Python高级开发工程师,上海百胜软件股份有限公司,上海,1.2-2万/月,07-19,3-4年经验,大专
Python开发工程师,深圳市拓保软件有限公司,深圳-南山区,1-1.7万/月,07-19,3-4年经验,大专
Python全栈工程师,深圳微米信息服务有限公司,深圳-南山区,1.8-3万/月,07-19,1年经验,本科
Python研发工程师,上海德拓信息技术股份有限公司,上海-徐汇区,0.8-1.2万/月,07-19,无工作经验,本科
Python运维开发工程师,福州靠谱云科技有限公司,福州,0.5-1万/月,07-19,1年经验,大专
Python实习讲师/助教,湖南潭州教育网络科技有限公司成都...,成都-高新区,4-8千/月,07-19,无工作经验,大专
Python开发工程师-济南,优维科技（深圳）有限公司,济南-市中区,0.8-1.5万/月,07-19,3-4年经验,本科
Python数据处理开发工程师,广州算易软件科技有限公司,广州-海珠区,0.6-1万/月,07-19,无工作经验,本科
Python工程师,上海法辰电子科技有限公司,杭州-滨江区,0.8-1万/月,07-19,2年经验,本科
Python开发工程师,康码（上海）生物科技有限公司,上海-浦东新区,0.7-1.4万/月,07-19,3-4年经验,本科
Python开发工程师,重庆满集网络科技有限公司,重庆,0.6-1万/月,07-19,3-4年经验,大专
资深Python开发工程师,上海闹谛畔⒓际跤邢薰司,上海-闵行区,2-2.5万/月,07-19,3-4年经验,硕士
Python开发工程师,上海蒙帕信息技术有限公司,西安-高新技术...,0.8-1.3万/月,07-19,3-4年经验,大专
C/Python软件测试工程师中高级,上海佩琪信息技术有限公司,上海,0.7-1.2万/月,07-19,无工作经验,本科
Python开发工程师,武汉智美互联科技有限公司,武汉-东湖新技...,15-25万/年,07-19,3-4年经验,本科
服务端python开发（游戏行业）,北京牧游科技有限公司,北京-海淀区,1.5-2万/月,07-19,3-4年经验,本科
Python开发工程师,南京天数智芯科技有限公司,南京-雨花台区,1.2-2.4万/月,07-19,3-4年经验,本科
Python工程师,静瞳海外投资顾问（深圳）有限公司,异地招聘,1-2万/月,07-19,3-4年经验,本科
实习+Python开发工程师,成都汇融天下网络科技有限公司,成都-高新区,4.5-6千/月,07-19,无工作经验,高中
Python开发工程师,云南火凤凰消防科技有限公司,昆明,0.5-1.2万/月,07-19,2年经验,大专
Perl/Python开发工程师,天津恩梯梯数据有限公司,天津,6-8千/月,07-19,3-4年经验,本科
Python开发工程师,易虎网科技南京有限公司,南京-江宁区,1-1.5万/月,07-19,无工作经验,本科
Python高级开发工程师,杭州沃趣科技股份有限公司,杭州-滨江区,1.6-2万/月,07-19,3-4年经验,本科
Python工程师（成都）,重庆新钶电子有限公司,成都-锦江区,1-1.5万/月,07-19,5-7年经验,本科
python开发工程师,广州爱拍网络科技有限公司,广州,1-1.5万/月,07-19,3-4年经验,本科
java人工智能（python)开发签约实习生,青岛迈科思软件有限责任公司,青岛,4.5-6千/月,07-19,无工作经验,大专
Python/PHP后端程序员,上海萌果信息科技有限公司,上海-徐汇区,1-1.5万/月,07-19,3-4年经验,大专
python工程师,深圳市纽尔科技有限公司,深圳-罗湖区,1.5-3万/月,07-19,3-4年经验,本科
Python高级开发工程师,云南微加经济信息咨询有限公司,昆明,1.5-2万/月,07-19,3-4年经验,本科
高级Python开发工程师,成都银河思亩特数字技术有限公司,成都-武侯区,5-8千/月,07-19,1年经验,大专
Python开发工程师（ERP）,深圳市雨禾伟业实业有限公司,深圳-罗湖区,1-1.5万/月,07-19,无工作经验,大专
Python开发工程师,普元信息技术股份有限公司,上海-黄浦区,1.2-1.5万/月,07-19,3-4年经验,本科
Python开发工程师,上海爱富爱克斯网络科技发展有限责...,上海-浦东新区,0.8-1.5万/月,07-19,无工作经验,本科
python开发,广州嘉煌文化传播有限公司,广州-天河区,1-2万/月,07-19,3-4年经验,大专
python全栈工程师,上海邻科信息科技有限公司,上海-杨浦区,6-8千/月,07-19,2年经验,本科
高级后端Python开发工程师,广西桂呈永军科技有限公司,南宁,0.8-1.2万/月,07-19,3-4年经验,大专
Python开发工程师（数据方向）,广州市梦享网络技术有限公司,深圳-南山区,1.3-2.5万/月,07-19,3-4年经验,大专
Python高级讲师,深圳市侯大福贸易有限公司,深圳-龙华新区,1-1.5万/月,07-19,5-7年经验,本科
Python开发工程师,北京中软融通科技有限公司,北京,0.7-2万/月,07-19,2年经验,本科
Python开发工程师,武汉快玩科技有限公司,武汉-洪山区,7-9千/月,07-19,1年经验,大专
Python高级后台开发工程师,深圳市韵达速递有限公司,深圳-宝安区,1.5-2.5万/月,07-19,5-7年经验,大专
Python开发工程师,南京张力信息技术有限公司,南京-栖霞区,1-3万/月,07-19,2年经验,本科
Python开发工程师,重庆汇划科技有限公司,重庆-渝中区,0.7-1.2万/月,07-19,无工作经验,本科
Python开发工程师,南京擎盾信息科技有限公司,南京-雨花台区,1-1.5万/月,07-19,无工作经验,大专
python爬虫工程师,郑州金惠计算机系统工程有限公司,郑州-金水区,4.5-6.5千/月,07-19,2年经验,本科
Python量化工程师,上海骐骏投资发展有限公司,上海,1-1.5万/月,07-19,2年经验,本科
数字资产技术支持(svn\python\c++),深圳市德科信息技术有限公司,广州-天河区,0.8-1万/月,07-19,1年经验,本科
python开发工程师,东软云科技有限公司,广州-天河区,0.7-1.5万/月,07-19,1年经验,本科
自动化实施（shell/python）,北京中亦安图科技股份有限公司,上海,1-1.5万/月,07-19,1年经验,本科
Python开发工程师,上海畅圣计算机科技有限公司,上海-杨浦区,1-1.5万/月,07-19,无工作经验,大专
python开发工程师,安徽晶奇网络科技股份有限公司,合肥-高新区,1.2-2.4万/月,07-19,3-4年经验,本科
Python工程师,武汉康圣达医学检验所有限公司,武汉-洪山区,4.5-6千/月,07-19,2年经验,本科
对日Python web开发人员,大连运筹科技有限公司,大连,0.8-1万/月,07-19,无工作经验,本科
Software Engineer  Java and Python (back-end),无锡华云数据技术服务有限公司,无锡,1-2万/月,07-19,3-4年经验,本科
Python 嵌入式开发工程师,乐聚（深圳）机器人技术有限公司,深圳-南山区,0.6-1.5万/月,07-19,1年经验,大专
Python数据挖掘工程师,上海葵典云软件有限公司,上海,1-1.5万/月,07-19,无工作经验,本科
python数据挖掘工程师,上海国泰广告有限公司,上海-徐汇区,1-1.5万/月,07-19,2年经验,大专
编程讲师（少儿编程，scratch/python/C++）,杭州小码教育科技有限公司,杭州-滨江区,0.8-1万/月,07-19,无工作经验,本科
Python开发工程师,湖南金烽信息科技有限公司,长沙,0.8-1.5万/月,07-19,无工作经验,大专
Python开发工程师,广州微易软件有限公司,广州,0.8-1.6万/月,07-19,1年经验,大专
Python开发工程师,苏州纳智天地智能科技有限公司,重庆-沙坪坝区,0.8-1.2万/月,07-19,2年经验,本科
***python讲师,上海十维教育科技有限公司,上海-浦东新区,1500元/天,07-19,3-4年经验,本科
Python开发工程师,上海炽聚网络科技有限公司,深圳-南山区,1-1.5万/月,07-19,3-4年经验,本科
Python开发工程师,深圳市智和创兴科技有限公司,深圳-宝安区,1.2-1.8万/月,07-19,3-4年经验,本科
自动化测试工程师（Python，java）,立达信loT(深圳),深圳-南山区,1.2-1.9万/月,07-19,5-7年经验,本科
Python开发工程师,广州优飞信息科技有限公司,广州-天河区,0.6-1.6万/月,07-19,2年经验,本科
Python 工程师,广州玄泰信息科技股份有限公司,广州-天河区,0.9-1.3万/月,07-19,2年经验,本科
python开发助理（提供住宿）,郑州悠络客信息技术有限公司,郑州-高新区,3-4.5千/月,07-19,无工作经验,中专
python开发,上海宽睿信息科技有限责任公司,上海-浦东新区,0.8-2万/月,07-19,2年经验,本科
流媒体/图像算法工程师（Python）,浙江力聘科技有限公司,杭州,1.5-2.5万/月,07-19,1年经验,本科
python开发工程师,北京捷通华声科技股份有限公司,北京,1.5-2.5万/月,07-19,无工作经验,本科
软件测试工程师（C++、java、python）,北京天行汇通信息技术有限公司,北京,1-2万/月,07-19,2年经验,本科
Python开发工程师,上海优梦信息科技有限公司,上海-杨浦区,1-2万/月,07-19,无工作经验,大专
Python自动化测试,深圳市广和通无线股份有限公司,西安-高新技术...,1-1.5万/月,07-19,2年经验,本科
Python高级开发工程师,福建省万物智联科技有限公司,异地招聘,1-1.5万/月,07-19,3-4年经验,大专
Python开发工程师,上海宏路数据技术股份有限公司,上海-虹口区,0.7-1.4万/月,07-19,无工作经验,本科
Python/Odoo开发工程师,千麦实业（上海）有限公司,上海-静安区,0.7-1.2万/月,07-19,3-4年经验,本科
ETL工程师/Python工程师,北京融英乐知科技有限公司,北京-西城区,1.5-1.9万/月,07-19,5-7年经验,大专
python后端程序员,武汉乐谷在线科技有限公司,武汉-洪山区,0.6-2万/月,07-19,无工作经验,大专
Python中级工程师,上海汉得信息技术股份有限公司,西安-高新技术...,0.8-1.2万/月,07-19,2年经验,本科
python开发（可实习),大连星宇科技有限公司,大连,4.5-6千/月,07-19,无工作经验,本科
Python工程师,武汉鑫瑞鼎汇软件技术服务有限公司,武汉-东湖新技...,0.8-1万/月,07-19,2年经验,大专
Python研发工程师,合肥市合趣网络科技有限公司,南京-雨花台区,1.5-3万/月,07-19,5-7年经验,本科
（python）游戏服务器开发工程师,上海扬讯计算机科技有限责任公司,武汉,0.5-1万/月,07-19,1年经验,大专
云方向业务部门-python工程师,北京思特奇信息技术股份有限公司,西安,0.6-1万/月,07-19,2年经验,本科
云方向-python开发工程师,北京思特奇信息技术股份有限公司陕...,西安-高新技术...,0.6-1万/月,07-19,3-4年经验,本科
python开发（可实习),大连开鱼科技有限公司,大连-高新园区,4.5-6千/月,07-19,无工作经验,本科
Python开发工程师,北京思特奇信息技术股份有限公司四...,成都-高新区,0.7-1.2万/月,07-19,2年经验,本科
Python开发工程师,北京思特奇信息技术股份有限公司湖...,长沙-芙蓉区,7-9千/月,07-19,1年经验,本科
Python开发工程师,中译语通科技（青岛）有限公司,青岛,0.7-1万/月,07-19,3-4年经验,大专
编程猫少儿编程教师（Python 方向）,深圳点猫科技有限公司,深圳-宝安区,0.8-1.2万/月,07-19,无工作经验,本科
Python开发工程师,深圳市盛凯信息科技有限公司,深圳-福田区,1-1.5万/月,07-19,1年经验,大专
Python开发工程师,博彦科技股份有限公司,武汉-江夏区,0.8-1.5万/月,07-19,无工作经验,大专
资深Python工程师,火石创造（医健产业大数据）,杭州-滨江区,1.5-2.5万/月,07-19,3-4年经验,本科
Python高级开发工程师,上海悦米信息技术有限公司,上海-徐汇区,1-1.5万/月,07-19,2年经验,本科
Python后端开发工程师,钛信（上海）信息科技有限公司,上海-浦东新区,1.2-1.5万/月,07-19,3-4年经验,本科
Python程序员/开发助理（双休）,络绎科技有限公司蚌埠分公司,蚌埠,4.5-6千/月,07-19,无工作经验,大专
运维开发工程师-python,广州南天电脑系统有限公司,广州,0.8-1.5万/月,07-19,3-4年经验,大专
python开发工程师,广州战英网络科技有限公司,广州-天河区,1.5-2.5万/月,07-19,3-4年经验,大专
Python高级开发工程师,深圳市竞数科技有限公司,深圳-南山区,1-1.5万/月,07-19,3-4年经验,本科
研发工程师（Python/Golang/Linux C）,北京傲盾软件有限责任公司,北京-海淀区,0.5-1.5万/月,07-19,无工作经验,本科
python高级开发工程师( 机器学习方向),上海银橙文化传媒股份有限公司,上海-徐汇区,2-2.5万/月,07-19,2年经验,本科
Gis开发工程师（Python方向）,河南省现代农业大数据产业技术研究...,武汉-洪山区,1-2万/月,07-19,3-4年经验,本科
Python开发工程师 (MJ001091),哔哩哔哩,上海-杨浦区,1-2万/月,07-19,3-4年经验,本科
中级软件工程师(Python),重庆维普资讯有限公司,重庆-渝北区,0.6-1.2万/月,07-19,3-4年经验,本科
Python课程研发,妙小程,上海-徐汇区,1-1.5万/月,07-19,3-4年经验,本科
青少儿编程培训讲师（Python/C++）,立乐教育科技（上海）有限公司,上海-普陀区,1-1.5万/月,07-19,2年经验,本科
Python开发工程师（外派）,惠州市宝高网络科技有限公司,成都-高新区,3.5-4.5万/月,07-19,无工作经验,大专
Python高级开发工程师,深圳趣晓网络科技有限公司,深圳-南山区,1.5-2.5万/月,07-19,3-4年经验,本科
java人工智能（python)签约实习生,青岛青软科技有限公司,青岛-市南区,4.5-6千/月,07-19,无工作经验,大专
python爬虫工程师,长沙爱登网络科技有限公司,长沙-雨花区,0.7-1万/月,07-19,2年经验,大专
Python工程师,深圳乐通信息技术有限公司,异地招聘,1-1.5万/月,07-19,2年经验,本科
Python爬虫工程师,广州龙骐贸易有限公司,广州-白云区,0.8-1.5万/月,07-19,无工作经验,本科
系统架构师(Python),南京赛宁信息技术有限公司,南京-江宁区,1.5-2.5万/月,07-19,5-7年经验,本科
软件工程师 （Python/Web development）,新思科技（上海）Synopsys,上海,20-40万/年,07-19,无工作经验,本科
Python开发工程师,博彦科技股份有限公司,北京,1-1.5万/月,07-19,2年经验,本科
Python开发工程师,武汉睿智视讯科技有限公司,武汉-东湖新技...,0.8-1.5万/月,07-19,2年经验,本科
-Python人工智能开发工程师助理,郑州天之涯软件科技有限公司,郑州,3.8-7.8千/月,07-19,无工作经验,中专
Python开发工程师,杭州优灿科技有限公司,异地招聘,1-2万/月,07-19,无工作经验,本科
Python数据分析师,上海玖数软件有限公司,上海-普陀区,0.8-1.2万/月,07-19,2年经验,本科
python开发工程师,郑州创恒实业有限公司,郑州-金水区,0.5-1万/月,07-19,2年经验,本科
Python开发工程师,北京海量数据技术股份有限公司,杭州-江干区,1.2-2万/月,07-19,无工作经验,大专
Python高级开发工程师,上海百趣生物医学科技有限公司,上海,1-2.5万/月,07-19,3-4年经验,本科
Python开发工程师,天阳宏业科技股份有限公司,厦门,1.5-2万/月,07-19,无工作经验,本科
Python量化开发工程师,上海汇银（集团）有限公司,上海-静安区,1.8-2.5万/月,07-19,无工作经验,本科
Python金融量化工程师,福州微创网络科技有限公司,福州-鼓楼区,0.4-1万/月,07-19,1年经验,本科
现场Python脚本,成都迈思信息技术有限公司,太仓,1.5-2万/月,07-19,3-4年经验,大专
资深Python工程师,北京红铅笔广告有限公司,北京,1.8-3.6万/月,07-19,无工作经验,大专
python 工程师,广西宜钱科技有限公司,南宁,0.8-1万/月,07-19,3-4年经验,大专
Python开发工程师,上海久耶供应链管理有限公司,西安-高新技术...,7-9千/月,07-19,2年经验,本科
Python开发工程师,深圳市前海欢雀科技有限公司,深圳,1.2-1.6万/月,07-19,2年经验,大专
Python/人工智能讲师（欢迎开发转讲师）,武汉软谋教育科技有限公司,武汉-洪山区,1.5-2万/月,07-19,3-4年经验,本科
四年/python开发/后台开发工程师,上海溪纬网络科技有限公司,上海-嘉定区,1-1.5万/月,07-19,3-4年经验,本科
Python开发工程师,上海每联每信息技术有限公司大连分...,大连,6-8千/月,07-19,1年经验,大专
Python开发工程师,易诚博睿（南京）科技有限公司,南京-雨花台区,1-2万/月,07-19,2年经验,本科
软件开发工程师（ C++/Python),上海快仓智能科技有限公司,上海-徐汇区,1-3万/月,07-19,3-4年经验,本科
Python中高级开发工程师,成都国铁电气设备有限公司,成都-双流区,1.2-2.5万/月,07-19,3-4年经验,硕士
python后端工程师,湖北保重保险代理有限公司,武汉-武昌区,1.2-1.5万/月,07-19,5-7年经验,大专
Python开发工程师,上海宽带技术及应用工程研究中心,西安-雁塔区,1-1.5万/月,07-19,1年经验,本科
软件开发工程师（可实习JAVA或Python）,郑州悠络客信息技术有限公司,郑州-高新区,4.5-6千/月,07-19,无工作经验,中专
Python开发高级工程师,融联易云金融信息服务（北京）有限...,北京-海淀区,1-2万/月,07-19,2年经验,本科
Python开发工程师,科沃斯商用机器人有限公司,苏州-吴中区,0.8-1万/月,07-19,3-4年经验,本科
Python 开发工程师,深圳市德卡科技股份有限公司,西安-高新技术...,0.5-1万/月,07-19,2年经验,本科
Python开发工程师,合肥微实信息工程有限公司,合肥-经开区,4.5-6千/月,07-19,1年经验,本科
Python开发工程师,上海数据交易中心有限公司,上海,1.5-2.3万/月,07-19,3-4年经验,本科
Python开发工程师,深圳市诺维尔科技互联网有限公司,深圳-龙华新区,1-1.5万/月,07-19,无工作经验,大专
Python开发工程师,成都迪睿汇金科技有限公司,重庆-江北区,0.8-1.6万/月,07-19,3-4年经验,本科
Python开发工程师,深圳房讯通信息技术有限公司,深圳,1.5-2万/月,07-19,3-4年经验,本科
Python开发工程师,酷宝信息技术（上海）有限公司,异地招聘,1.5-3万/月,07-19,无工作经验,本科
Python开发,迈思腾科技（武汉）有限公司,武汉,0.6-1万/月,07-19,3-4年经验,大专
Python web 开发工程师,北京华胜天成科技股份有限公司,北京-海淀区,1-2万/月,07-19,无工作经验,本科
python研发工程师(前沿研究院),上海国盾量子信息技术有限公司,上海-浦东新区,1-1.5万/月,07-19,无工作经验,大专
Python开发工程师,北京奇观技术有限责任公司,南阳,4.5-6千/月,07-19,2年经验,大专
高级Python开发工程师,有因信息科技（上海）有限公司,上海-闵行区,1.5-2万/月,07-19,无工作经验,本科
"Python, Swift, Java 软件工程师",宁波创母体网络科技有限公司,宁波,4-6千/月,07-19,无工作经验,本科
Python开发工程师,深圳市大富科技股份有限公司,深圳-南山区,0.8-1.5万/月,07-19,2年经验,本科
数据分析&挖掘师（IBM SPSS/Python)10k,福州咸鱼科技有限公司,厦门,1-1.5万/月,07-19,3-4年经验,本科
软件工程师（python）,杭州沃镭智能科技股份有限公司,杭州-江干区,0.7-1.5万/月,07-19,2年经验,本科
Python开发工程师（须懂ODOO框架）,深圳前海优管信息技术有限公司,深圳,0.8-1.5万/月,07-19,1年经验,本科
Python开发工程师,上海卓易科技股份有限公司,上海-徐汇区,1-1.5万/月,07-19,2年经验,本科
Python爬虫工程师,广东赛百威信息科技有限公司,广州-黄埔区,6-9千/月,07-19,3-4年经验,本科
Python开发工程师,深圳市紫金支点技术股份有限公司,深圳-南山区,0.8-1.5万/月,07-19,1年经验,本科
Python RPA工程师,杭州今元标矩科技有限公司,杭州-江干区,1-1.5万/月,07-19,无工作经验,大专
Python开发工程师,昆明美通傲讯通信有限公司,昆明,10-15万/年,07-19,2年经验,大专
Python开发工程师（产品研发）,北京东方金信科技有限公司,北京-东城区,0.8-1.5万/月,07-19,无工作经验,本科
急聘c/c++/python/java初级开发工程师,大连天宇商务信息咨询有限公司,大连-沙河口区,6-8千/月,07-19,1年经验,大专
python工程师,深圳市比一比网络科技有限公司,深圳-南山区,1-2万/月,07-19,3-4年经验,大专
Python爬虫工程师,成都小启科技有限责任公司,成都-高新区,0.8-1万/月,07-19,2年经验,本科
Python开发工程师,明源软件,深圳-南山区,1.5-3万/月,07-19,3-4年经验,本科
资深Python工程师,北京功夫仁医网络科技有限责任公司,武汉,1.5-2.2万/月,07-19,3-4年经验,大专
Python中级工程师,广州特道信息科技有限公司,广州,1-1.5万/月,07-19,3-4年经验,大专
高级Python开发工程师（机器学习方向）,瓦戈科技（上海）有限公司,上海-浦东新区,1.5-2.5万/月,07-19,3-4年经验,本科
python爬虫数据开发工程师,营软数据（厦门）医药有限公司,厦门,0.8-1.5万/月,07-19,1年经验,本科
python工程师（机器学习方向）,玛姿宝（中国）有限公司,广州-番禺区,1.1-1.5万/月,07-19,3-4年经验,本科
python讲师（六险一金+双休）,北京金信润天信息技术股份有限公司...,武汉-洪山区,0.8-1.5万/月,07-19,2年经验,本科
Python开发工程师,上海数旦信息技术有限公司,上海-徐汇区,1-2万/月,07-19,无工作经验,本科
python 后台开发,长沙兔娱网络科技有限公司,长沙-岳麓区,0.8-1.2万/月,07-19,3-4年经验,大专
python开发工程师,福建我家网络科技有限公司,福州-鼓楼区,0.8-1.2万/月,07-19,2年经验,大专
python软件工程师,深圳市华富洋供应链有限公司,深圳-南山区,1-1.5万/月,07-19,3-4年经验,本科
python开发工程师(武汉）,深圳市云间网络科技有限公司,武汉-东湖新技...,0.8-1万/月,07-19,3-4年经验,大专
python高级工程师,深圳华智共创教育科技有限公司成都...,成都-高新区,1-1.5万/月,07-19,无工作经验,本科
Python开发工程师,武汉市星商电子商务有限公司,武汉-洪山区,1-1.5万/月,07-19,3-4年经验,本科
python开发工程师,深圳市贝多分金融科技有限公司,深圳-福田区,1-2万/月,07-19,3-4年经验,大专
青少年Python讲师,广州粤嵌通信科技股份有限公司,广州-番禺区,5-8千/月,07-19,无工作经验,大专
Python中高级开发工程师,广州腾宇电力科技有限公司,广州-天河区,1-2万/月,07-19,5-7年经验,本科
Python高级工程师/工程师,海南君莱药业有限公司,广州,1.2-1.8万/月,07-19,2年经验,本科
Python高级开发工程师,义学教育,合肥,1.2-2.4万/月,07-19,3-4年经验,本科
Python开发工程师,赞同科技股份有限公司,深圳-福田区,0.6-1.2万/月,07-19,1年经验,本科
Python高级开发工程师,合肥市合趣网络科技有限公司,合肥,1.5-2万/月,07-19,3-4年经验,本科
Python开发工程师+双休+高薪,深圳市泰雅通科技有限公司,深圳-宝安区,1.2-1.8万/月,07-19,3-4年经验,大专
Python开发工程师,临沂影漫文化传媒有限公司,临沂,6-8千/月,07-19,无工作经验,大专
Python开发工程师,宇博信诚（北京）信息技术有限公司,杭州,1.2-2万/月,07-19,3-4年经验,本科
Python开发工程师,嘉联支付有限公司,深圳-南山区,1.5-2万/月,07-19,2年经验,本科
后端高级工程师（Python）,中建材信息技术股份有限公司,北京-海淀区,1.5-2.5万/月,07-19,5-7年经验,本科
Python高级开发工程师,深圳市蓝泰源信息技术股份有限公司,武汉-江夏区,1.4-2万/月,07-19,无工作经验,本科
Python开发工程师,西安华讯科技有限责任公司,西安-高新技术...,0.9-1.6万/月,07-19,无工作经验,本科
Python工程师,广州永融科技股份有限公司,广州,0.8-1.5万/月,07-19,无工作经验,本科
Java/Python实习生(J12830),北京北大方正电子有限公司,异地招聘,2-3千/月,07-19,无工作经验,本科
高级python后端开发工程师,武汉湾流科技股份有限公司,武汉,1.5-2.5万/月,07-19,5-7年经验,硕士
Python开发工程师,上海量投网络科技有限公司,武汉-东湖新技...,0.7-1.1万/月,07-19,2年经验,大专
Python开发工程师,深圳职人网络技术有限公司,深圳-福田区,0.8-1.5万/月,07-19,2年经验,大专
Python开发工程师,上海易宝软件有限公司深圳分公司,深圳-龙岗区,1-1.5万/月,07-19,1年经验,本科
Python高级开发工程师,亚信科技（成都）有限公司,南京-雨花台区,1.5-2.4万/月,07-19,2年经验,本科
Python开发工程师,上海高恩信息科技有限公司,上海-浦东新区,0.7-1万/月,07-19,1年经验,本科
Python开发工程师,上海襄岳信息技术有限公司,上海-浦东新区,0.8-1.6万/月,07-19,2年经验,中专
Python开发工程师,深圳市中企工联保家电服务有限公司,深圳-龙岗区,1-1.5万/月,07-19,2年经验,大专
JAVA/Python开发工程师（成都）,上海步科自动化股份有限公司,成都-郫都区,0.8-1.5万/月,07-19,3-4年经验,本科
Python算法工程师,杭州野乐科技有限公司,杭州-拱墅区,0.5-1.2万/月,07-19,2年经验,本科
人工智能+Python开发实习生l,河北臻龙科技有限公司,异地招聘,4.5-6千/月,07-19,无工作经验,大专
Python开发工程师,郑州软通合力计算机技术有限公司,郑州-管城回族区,0.6-1万/月,07-19,无工作经验,本科
中级后端工程师(python/odoo）,上海存融工业装备技术有限公司,上海-松江区,1.5-2万/月,07-19,2年经验,本科
Python开发工程师,北京斯普信信息技术有限公司,北京,1-1.5万/月,07-19,2年经验,大专
Python开发工程师,北京阿提拉科技有限公司,北京,1-1.5万/月,07-19,无工作经验,本科
Python开发工程师,宁波舜宇智能科技有限公司,宁波-余姚市,15-20万/年,07-19,无工作经验,本科
Python开发工程师,上海中畅信息科技有限公司,上海-浦东新区,1-1.8万/月,07-19,3-4年经验,本科
Python游戏服务端高级开发,湖南纳米娱乐网络科技有限公司,长沙-岳麓区,1-2万/月,07-19,3-4年经验,大专
*** PYTHON 开发工程师（上海）,唯晶科技(Winking Entertainment),异地招聘,1.2-1.5万/月,07-19,无工作经验,大专
Python数据分析师,上海软科教育信息咨询有限公司,上海-闵行区,0.8-1.5万/月,07-19,无工作经验,本科
Python开发工程师,上海天泰网络技术有限公司,上海,0.8-1.5万/月,07-19,无工作经验,本科
银行业务后台开发工程师-Python,富途网络科技（深圳）有限公司,深圳-南山区,1.4-2.8万/月,07-19,1年经验,大专
Python 开发助理（ web端）,西安赛佰信息科技有限公司,西安-雁塔区,4.5-6千/月,07-19,无工作经验,大专
Python开发工程师,徐州智编信息科技有限公司,徐州,6-8千/月,07-19,无工作经验,本科
Python工程师（爬虫方向）+包住宿+周末双休+五险一金,深圳市中源航空服务有限公司,深圳,1.3-2万/月,07-19,无工作经验,大专
Python开发工程师,广州优亿信息科技有限公司,广州,0.8-1.5万/月,07-19,2年经验,本科
Python开发工程师,网易集团,广州,1.5-2万/月,07-19,无工作经验,本科
软件工程师（精通java，会Python）,民航数据通信有限责任公司,北京-海淀区,1.5-2.5万/月,07-19,3-4年经验,本科
少儿编程老师（Scratch、Python、C语言）,广州学码教育科技有限公司,广州,0.8-1万/月,07-19,无工作经验,本科
Python老师,广州编辅侠教育科技有限公司,广州-越秀区,6-8千/月,07-19,2年经验,大专
Python开发工程师（云计算）,成都同辉数联信息技术有限公司,成都-武侯区,6-8千/月,07-19,1年经验,本科
python编程老师,杭州小米智课教育科技有限公司,杭州-西湖区,6-8千/月,07-19,1年经验,大专
Python开发工程师,深圳市合元科技有限公司,深圳-宝安区,1-1.8万/月,07-19,3-4年经验,本科
python开发助理,深圳市文言科技发展有限公司,深圳,6-8千/月,07-19,无工作经验,大专
Python开发工程师（数据方向）,南通东华软件有限公司,北京-西城区,1-1.5万/月,07-19,2年经验,本科
Python开发工程师,北京天防安全科技有限公司,北京-海淀区,1-2万/月,07-19,2年经验,本科
Python软件工程师,武汉金读科技有限公司,武汉-洪山区,0.6-1.5万/月,07-19,1年经验,本科
数据开发工程师（python爬虫方向）,创业伞投资有限公司,上海-杨浦区,1-1.5万/月,07-19,2年经验,大专
python后端开发工程师,杭州麦苗网络技术有限公司,杭州-西湖区,1-1.5万/月,07-19,3-4年经验,本科
直聘python开发,杭州泉溪视维软件有限公司,杭州-西湖区,3-4.5千/月,07-19,无工作经验,大专
Python开发工程师,深圳市紫川软件有限公司,上海-浦东新区,1-1.5万/月,07-19,2年经验,大专
Java/Python工程师(量化模型分析方向),美国道富,杭州,2-3万/月,07-19,无工作经验,本科
Python开发工程师,杭州筑龙信息技术股份有限公司,杭州-滨江区,1.5-2万/月,07-19,1年经验,大专
Python开发工程师,北京中德福林软件科技有限公司,北京-朝阳区,1.2-1.8万/月,07-19,3-4年经验,本科
Python开发工程师,广州回头车信息科技有限公司,广州-天河区,1.5-2.5万/月,07-19,3-4年经验,大专
Python web工程师,广州市驴迹科技有限责任公司,广州-天河区,2-3.5万/月,07-19,无工作经验,大专
Python开发工程师,广州寄锦教育科技有限公司,广州-天河区,1-1.5万/月,07-19,2年经验,本科
Python讲师,达内时代科技集团有限公司,北京-海淀区,1-1.5万/月,07-19,1年经验,本科
Python初级开发工程师（代外企直招）,上海环籁网络科技有限公司,上海-浦东新区,0.6-1万/月,07-19,1年经验,本科
Python开发工程师,江苏网进科技股份有限公司,昆山,0.7-1.5万/月,07-19,2年经验,大专
Python开发工程师,深圳市星商电子商务有限公司,深圳-龙岗区,0.8-1.5万/月,07-19,3-4年经验,本科
Python开发工程师,上海易路软件有限公司,上海-闵行区,1.2-2.8万/月,07-19,2年经验,本科
Python高级开发工程师,阿基米德（上海）传媒有限公司,上海-长宁区,1.5-2万/月,07-19,3-4年经验,本科
Python开发工程师,康博嘉信息科技（北京）股份有限公...,武汉,5.5-7千/月,07-19,无工作经验,本科
Python PHP Java 软件工程师 (双休+10天年假),宁波拔萃网络科技有限公司,宁波-海曙区,5-6千/月,07-19,1年经验,本科
Python高级开发工程师,西安比尔电子科技有限公司,西安-雁塔区,5-7千/月,07-19,3-4年经验,大专
python开发,上海坤雷实业有限公司,上海-浦东新区,6-8千/月,07-19,无工作经验,大专
急招Python开发程序员/可实习,郑州瑞庭网络科技有限公司,郑州-管城回族区,3.2-6千/月,07-19,无工作经验,大专
Python技术支持工程师（上海）,北京推想科技有限公司,上海,1-2万/月,07-19,2年经验,本科
Python开发工程师,AMARIS摩芮思科技咨询（上海）有限...,上海-闵行区,1-1.5万/月,07-19,无工作经验,本科
Python开发工程师-QT方向,深圳市同和信息技术有限公司,深圳-南山区,1-1.5万/月,07-19,3-4年经验,本科
Python开发工程师,北京腾信软创科技股份有限公司,南京-建邺区,1-1.5万/月,07-19,2年经验,本科
Python数据分析工程师,西安酷聊智能科技有限公司,西安-高新技术...,0.6-1万/月,07-19,1年经验,本科
python课程助教,广州迈沃信息科技有限公司,广州-天河区,1-1.3万/月,07-19,2年经验,本科
Python开发工程师 RR,同方鼎欣科技股份有限公司,北京-海淀区,1.5-2万/月,07-19,3-4年经验,本科
